{
  "data": [
    {
      "id": 1,
      "name": "Test School 1",
      "location": [-87.725830078125, 41.77950486590359]
    },
    {
      "id": 2,
      "name": "Test School 2",
      "location": [-87.6781147460938, 41.80710182643331]
    }
  ]
}
